"","OBJECTID","source","noxn"
"1",452,"Gu",1
"2",1,"GEMStat",0.052
"3",1,"GEMStat",0.02
"4",1,"GEMStat",0.07
"5",1,"GEMStat",0.03
"6",1,"GEMStat",0.03
"7",1,"GEMStat",0.5075
"8",439,"Gu",0.1
"9",1752,"USGS",2
"10",10,"GEMStat",0
"11",10,"GEMStat",0
"12",10,"GEMStat",0
"13",10,"GEMStat",0
"14",10,"GEMStat",0
"15",10,"GEMStat",0
"16",10,"GEMStat",0
"17",655,"Gu",6.4
"18",1759,"USGS",8
"19",481,"Gu",7.9
"20",768,"Ouedraogo",8.05
"21",1658,"USGS",17
"22",883,"USGS",0
"23",884,"USGS",0
"24",885,"USGS",0
"25",291,"Gu",12.4
"26",1659,"USGS",12
"27",287,"Gu",38.6
"28",1660,"USGS",4
"29",288,"Gu",38.6
"30",1661,"USGS",7
"31",295,"Gu",37.5
"32",1662,"USGS",14
"33",286,"Gu",90.3
"34",773,"Ouedraogo",4.7242
"35",1663,"USGS",12
"36",296,"Gu",37.5
"37",774,"Ouedraogo",27.4091
"38",1664,"USGS",8
"39",86,"Gu",0.2
"40",775,"Ouedraogo",10.11954
"41",1665,"USGS",1
"42",298,"Gu",27.2
"43",1666,"USGS",3
"44",297,"Gu",27.2
"45",1667,"USGS",8
"46",11,"GEMStat",0.004
"47",648,"Gu",0.5
"48",679,"Ouedraogo",18.860368
"49",1760,"USGS",5
"50",289,"Gu",90.3
"51",778,"Ouedraogo",10.12
"52",1668,"USGS",5
"53",300,"Gu",27.3
"54",779,"Ouedraogo",9.89
"55",1669,"USGS",5
"56",301,"Gu",27.3
"57",1670,"USGS",42
"58",619,"Gu",2.8
"59",1671,"USGS",20
"60",87,"Gu",0
"61",1672,"USGS",9
"62",88,"Gu",0.2
"63",783,"Ouedraogo",1.127
"64",1673,"USGS",3
"65",624,"Gu",19.7
"66",784,"Ouedraogo",1.288
"67",1674,"USGS",0
"68",302,"Gu",2.9
"69",1675,"USGS",35
"70",309,"Gu",0
"71",1676,"USGS",30
"72",310,"Gu",0
"73",787,"Ouedraogo",0.0391
"74",1677,"USGS",9
"75",12,"GEMStat",0.004
"76",649,"Gu",22
"77",680,"Ouedraogo",3.151
"78",1761,"USGS",4
"79",630,"Gu",7.6
"80",788,"Ouedraogo",2.3
"81",1678,"USGS",11
"82",612,"Gu",6.6
"83",1679,"USGS",11
"84",294,"Gu",3.8
"85",790,"Ouedraogo",19.6673
"86",1680,"USGS",26
"87",281,"Gu",4.3
"88",1681,"USGS",2
"89",280,"Gu",11.8
"90",1636,"USGS",5
"91",484,"Gu",7.4
"92",1637,"USGS",1
"93",194,"Gu",7.4
"94",1638,"USGS",2
"95",186,"Gu",6.3
"96",795,"Ouedraogo",3.0521
"97",1639,"USGS",10
"98",120,"Gu",18.1
"99",796,"Ouedraogo",5.3222
"100",1640,"USGS",10
"101",188,"Gu",7.2
"102",1641,"USGS",1
"103",13,"GEMStat",1.044
"104",13,"GEMStat",0.295
"105",13,"GEMStat",0.01
"106",557,"Gu",2.6
"107",681,"Ouedraogo",6.41286
"108",1762,"USGS",3
"109",187,"Gu",13.7
"110",1642,"USGS",13
"111",282,"Gu",9.3
"112",1643,"USGS",21
"113",185,"Gu",11.3
"114",800,"Ouedraogo",3.312
"115",1644,"USGS",10
"116",95,"Gu",12.6
"117",1646,"USGS",3
"118",96,"Gu",0.3
"119",1647,"USGS",10
"120",97,"Gu",0.8
"121",1648,"USGS",7
"122",94,"Gu",0.4
"123",1649,"USGS",1
"124",98,"Gu",13.5
"125",1650,"USGS",4
"126",101,"Gu",16.2
"127",806,"Ouedraogo",4.2274
"128",1651,"USGS",3
"129",111,"Gu",11.9
"130",807,"Ouedraogo",0.1219
"131",1652,"USGS",9
"132",14,"GEMStat",0.055
"133",14,"GEMStat",1.3
"134",14,"GEMStat",0.035
"135",555,"Gu",2.7
"136",682,"Ouedraogo",17.5444
"137",1763,"USGS",0
"138",100,"Gu",13.4
"139",808,"Ouedraogo",3.68
"140",1653,"USGS",5
"141",102,"Gu",0.1
"142",1654,"USGS",9
"143",116,"Gu",8.4
"144",1656,"USGS",2
"145",99,"Gu",7
"146",1645,"USGS",6
"147",105,"Gu",49.8
"148",1655,"USGS",0
"149",107,"Gu",19.3
"150",1657,"USGS",3
"151",109,"Gu",1
"152",814,"Ouedraogo",9.453
"153",115,"Gu",3.5
"154",815,"Ouedraogo",0.1771
"155",1628,"USGS",1
"156",118,"Gu",6.6
"157",108,"Gu",26.2
"158",1629,"USGS",1
"159",15,"GEMStat",0.01
"160",15,"GEMStat",0.335
"161",15,"GEMStat",0.07
"162",551,"Gu",1.8
"163",1764,"USGS",14
"164",110,"Gu",2.8
"165",586,"Gu",9.8
"166",1630,"USGS",1
"167",121,"Gu",33.9
"168",582,"Gu",11.7
"169",104,"Gu",7.3
"170",93,"Gu",22.6
"171",1631,"USGS",0
"172",112,"Gu",25.1
"173",90,"Gu",39.7
"174",103,"Gu",2.3
"175",106,"Gu",5.6
"176",827,"Ouedraogo",5.244
"177",1632,"USGS",5
"178",16,"GEMStat",0.37
"179",16,"GEMStat",0.235
"180",16,"GEMStat",0.045
"181",552,"Gu",9.8
"182",1765,"USGS",0
"183",113,"Gu",1.7
"184",114,"Gu",2.7
"185",829,"Ouedraogo",16.1
"186",92,"Gu",2.7
"187",91,"Gu",18.1
"188",1633,"USGS",8
"189",89,"Gu",8.7
"190",832,"Ouedraogo",7.2174
"191",128,"Gu",29.4
"192",833,"Ouedraogo",0.092
"193",292,"Gu",9.5
"194",117,"Gu",4.5
"195",418,"Gu",4.9
"196",836,"Ouedraogo",56.8077
"197",401,"Gu",1.7
"198",837,"Ouedraogo",1.5433
"199",17,"GEMStat",33.5975
"200",17,"GEMStat",15
"201",17,"GEMStat",21.14675
"202",17,"GEMStat",21.7825
"203",17,"GEMStat",29.921
"204",17,"GEMStat",21.66
"205",17,"GEMStat",15.1496666666667
"206",17,"GEMStat",28.0385
"207",17,"GEMStat",16.2201818181818
"208",17,"GEMStat",14.0612
"209",17,"GEMStat",28.2235
"210",17,"GEMStat",26.0303333333333
"211",17,"GEMStat",34.3245
"212",17,"GEMStat",33.0013333333333
"213",17,"GEMStat",20.5883333333333
"214",17,"GEMStat",16.4328333333333
"215",17,"GEMStat",14.8080833333333
"216",17,"GEMStat",34.1544166666667
"217",17,"GEMStat",30.9213333333333
"218",17,"GEMStat",24.0263333333333
"219",17,"GEMStat",33.0266666666667
"220",17,"GEMStat",16.8748333333333
"221",553,"Gu",17.1
"222",1766,"USGS",2
"223",119,"Gu",2.3
"224",406,"Gu",2
"225",839,"Ouedraogo",14.00332
"226",425,"Gu",3.4
"227",840,"Ouedraogo",29.44
"228",462,"Gu",1.6
"229",1634,"USGS",0
"230",272,"Gu",11.1
"231",1635,"USGS",1
"232",402,"Gu",3.9
"233",843,"Ouedraogo",8.05
"234",460,"Gu",1.2
"235",1604,"USGS",0
"236",307,"Gu",5.7
"237",845,"Ouedraogo",15.4008
"238",1605,"USGS",7
"239",505,"Gu",10.3
"240",846,"Ouedraogo",7.82
"241",1606,"USGS",92
"242",522,"Gu",3.4
"243",847,"Ouedraogo",0.2231
"244",1607,"USGS",11
"245",18,"GEMStat",1.31108333333333
"246",18,"GEMStat",0.8156
"247",18,"GEMStat",1.63333333333333
"248",18,"GEMStat",4.005
"249",18,"GEMStat",0.43
"250",18,"GEMStat",1.2286
"251",18,"GEMStat",0.26
"252",18,"GEMStat",1.7
"253",18,"GEMStat",1.78575
"254",18,"GEMStat",1.523
"255",18,"GEMStat",3.49727272727273
"256",161,"Gu",9.6
"257",1767,"USGS",1
"258",536,"Gu",9.1
"259",848,"Ouedraogo",18.63
"260",1608,"USGS",0
"261",515,"Gu",3.5
"262",849,"Ouedraogo",18.032
"263",1609,"USGS",38
"264",465,"Gu",12.4
"265",1610,"USGS",4
"266",500,"Gu",7.2
"267",851,"Ouedraogo",2.99
"268",1611,"USGS",20
"269",524,"Gu",22
"270",1612,"USGS",14
"271",517,"Gu",17.5
"272",853,"Ouedraogo",0.46
"273",1613,"USGS",11
"274",537,"Gu",14
"275",1614,"USGS",1
"276",497,"Gu",61.3
"277",497,"Gu",57.9
"278",855,"Ouedraogo",26.45
"279",1615,"USGS",16
"280",530,"Gu",26.9
"281",856,"Ouedraogo",149.04
"282",1616,"USGS",2
"283",508,"Gu",3.7
"284",857,"Ouedraogo",39.79
"285",1617,"USGS",21
"286",19,"GEMStat",0.0566666666666667
"287",19,"GEMStat",0.496636363636364
"288",19,"GEMStat",0.62
"289",19,"GEMStat",0.565545454545455
"290",19,"GEMStat",1.01416666666667
"291",19,"GEMStat",0.581166666666667
"292",19,"GEMStat",0.785
"293",19,"GEMStat",1.19666666666667
"294",19,"GEMStat",0.933666666666667
"295",19,"GEMStat",0.7298
"296",162,"Gu",1
"297",687,"Ouedraogo",2.162
"298",1769,"USGS",10
"299",520,"Gu",15.7
"300",858,"Ouedraogo",1.1638
"301",1618,"USGS",5
"302",534,"Gu",21.9
"303",1619,"USGS",24
"304",544,"Gu",16.5
"305",860,"Ouedraogo",0.2898
"306",1620,"USGS",9
"307",411,"Gu",3.8
"308",861,"Ouedraogo",4.393
"309",1621,"USGS",12
"310",514,"Gu",3
"311",1622,"USGS",18
"312",512,"Gu",6.5
"313",1623,"USGS",14
"314",429,"Gu",3.2
"315",1624,"USGS",4
"316",525,"Gu",25.2
"317",1625,"USGS",16
"318",523,"Gu",21.5
"319",1626,"USGS",2
"320",509,"Gu",4.3
"321",1627,"USGS",12
"322",2,"GEMStat",0.63
"323",2,"GEMStat",0.82
"324",435,"Gu",0.1
"325",1753,"USGS",11
"326",20,"GEMStat",0.6
"327",20,"GEMStat",1.10333333333333
"328",20,"GEMStat",0.268181818181818
"329",20,"GEMStat",0.123333333333333
"330",20,"GEMStat",0.93
"331",20,"GEMStat",0.106666666666667
"332",20,"GEMStat",0.05
"333",20,"GEMStat",0.661
"334",20,"GEMStat",0.225
"335",20,"GEMStat",0.11
"336",20,"GEMStat",0.11
"337",20,"GEMStat",0.2
"338",20,"GEMStat",0.092
"339",20,"GEMStat",0.111666666666667
"340",20,"GEMStat",0.136666666666667
"341",20,"GEMStat",0.54
"342",20,"GEMStat",0.145833333333333
"343",20,"GEMStat",0.101666666666667
"344",20,"GEMStat",0.12
"345",20,"GEMStat",0.1325
"346",164,"Gu",4.6
"347",487,"Gu",4.8
"348",1582,"USGS",0
"349",511,"Gu",3.2
"350",1591,"USGS",0
"351",528,"Gu",28.3
"352",1590,"USGS",0
"353",451,"Gu",0.5
"354",1584,"USGS",0
"355",449,"Gu",2.2
"356",1580,"USGS",0
"357",539,"Gu",10.8
"358",1589,"USGS",8
"359",480,"Gu",3.3
"360",1595,"USGS",0
"361",368,"Gu",0.5
"362",1586,"USGS",7
"363",496,"Gu",1.8
"364",1601,"USGS",15
"365",323,"Gu",7.5
"366",1588,"USGS",3
"367",21,"GEMStat",10.5
"368",21,"GEMStat",3.1
"369",21,"GEMStat",6
"370",21,"GEMStat",30.55
"371",21,"GEMStat",3.77583333333333
"372",21,"GEMStat",31
"373",21,"GEMStat",21.6166666666667
"374",21,"GEMStat",4.77454545454545
"375",21,"GEMStat",31.2727272727273
"376",21,"GEMStat",6.14
"377",21,"GEMStat",3.06666666666667
"378",21,"GEMStat",9.86666666666667
"379",21,"GEMStat",35.4166666666667
"380",21,"GEMStat",8.74454545454545
"381",21,"GEMStat",30.7
"382",21,"GEMStat",16.5
"383",21,"GEMStat",16.5416666666667
"384",21,"GEMStat",28.6966666666667
"385",21,"GEMStat",10.7666666666667
"386",21,"GEMStat",17.3333333333333
"387",21,"GEMStat",2.3
"388",165,"Gu",0.6
"389",1770,"USGS",2
"390",362,"Gu",0.5
"391",1576,"USGS",13
"392",438,"Gu",2.8
"393",1597,"USGS",13
"394",442,"Gu",0.8
"395",1599,"USGS",0
"396",516,"Gu",1.5
"397",1578,"USGS",3
"398",499,"Gu",1.4
"399",1602,"USGS",0
"400",447,"Gu",0.6
"401",1593,"USGS",19
"402",519,"Gu",1
"403",456,"Gu",1.2
"404",489,"Gu",0.5
"405",445,"Gu",1.5
"406",22,"GEMStat",3.07333333333333
"407",22,"GEMStat",2.12083333333333
"408",22,"GEMStat",0.675
"409",22,"GEMStat",2.84416666666667
"410",22,"GEMStat",2.389
"411",22,"GEMStat",2.59516666666667
"412",22,"GEMStat",1.441
"413",22,"GEMStat",2.0875
"414",22,"GEMStat",1.47916666666667
"415",22,"GEMStat",1.34628571428571
"416",22,"GEMStat",0.9175
"417",22,"GEMStat",0.056
"418",22,"GEMStat",2.60181818181818
"419",22,"GEMStat",0.03
"420",22,"GEMStat",2.82636363636364
"421",22,"GEMStat",1.82916666666667
"422",22,"GEMStat",1.11909090909091
"423",22,"GEMStat",2.15545454545455
"424",22,"GEMStat",2.86525
"425",22,"GEMStat",1.48333333333333
"426",22,"GEMStat",2.41666666666667
"427",22,"GEMStat",2.06666666666667
"428",166,"Gu",2
"429",690,"Ouedraogo",10.419
"430",1771,"USGS",10
"431",446,"Gu",5.2
"432",365,"Gu",1.1
"433",527,"Gu",0.4
"434",495,"Gu",0.8
"435",315,"Gu",1.8
"436",556,"Gu",6.2
"437",1345,"USGS",0
"438",290,"Gu",8.3
"439",1289,"USGS",3
"440",526,"Gu",0.3
"441",567,"Gu",2.1
"442",1577,"USGS",12
"443",542,"Gu",0.4
"444",1579,"USGS",0
"445",23,"GEMStat",1.16333333333333
"446",23,"GEMStat",0.4975
"447",23,"GEMStat",0.4685
"448",23,"GEMStat",0.663
"449",23,"GEMStat",0.4735
"450",23,"GEMStat",1.83333333333333
"451",23,"GEMStat",0.01
"452",23,"GEMStat",2.29
"453",23,"GEMStat",1.17166666666667
"454",23,"GEMStat",1.44027272727273
"455",23,"GEMStat",2.1325
"456",23,"GEMStat",0.01
"457",23,"GEMStat",1.75
"458",23,"GEMStat",0.440583333333333
"459",23,"GEMStat",0.625
"460",23,"GEMStat",2.01363636363636
"461",23,"GEMStat",1.39733333333333
"462",23,"GEMStat",1.00166666666667
"463",23,"GEMStat",1.12709090909091
"464",23,"GEMStat",0.980666666666667
"465",23,"GEMStat",0.646083333333333
"466",163,"Gu",13.3
"467",1772,"USGS",0
"468",476,"Gu",11.6
"469",1581,"USGS",0
"470",330,"Gu",6.5
"471",1562,"USGS",0
"472",598,"Gu",1.1
"473",1563,"USGS",0
"474",498,"Gu",0.5
"475",472,"Gu",0.2
"476",1583,"USGS",0
"477",474,"Gu",0.1
"478",1585,"USGS",0
"479",469,"Gu",0.1
"480",1587,"USGS",14
"481",473,"Gu",0.2
"482",1564,"USGS",0
"483",565,"Gu",1
"484",1565,"USGS",0
"485",538,"Gu",0.3
"486",24,"GEMStat",19.5366666666667
"487",24,"GEMStat",5.13636363636364
"488",24,"GEMStat",97.35
"489",24,"GEMStat",15.9
"490",24,"GEMStat",23.061
"491",24,"GEMStat",22.3333333333333
"492",24,"GEMStat",4.624
"493",24,"GEMStat",21.0966666666667
"494",24,"GEMStat",9.66666666666667
"495",24,"GEMStat",7.18
"496",24,"GEMStat",0.2354
"497",24,"GEMStat",35.4583333333333
"498",24,"GEMStat",5.465
"499",24,"GEMStat",4.18333333333333
"500",24,"GEMStat",19.7272727272727
"501",24,"GEMStat",4.46
"502",24,"GEMStat",0.1425
"503",157,"Gu",2.6
"504",518,"Gu",0.5
"505",1566,"USGS",15
"506",299,"Gu",4.2
"507",564,"Gu",6.3
"508",1567,"USGS",5
"509",193,"Gu",16.2
"510",1596,"USGS",0
"511",470,"Gu",0.2
"512",1568,"USGS",0
"513",591,"Gu",3.1
"514",191,"Gu",4.8
"515",1569,"USGS",0
"516",570,"Gu",18
"517",1598,"USGS",14
"518",314,"Gu",17.2
"519",1570,"USGS",11
"520",318,"Gu",0.5
"521",1572,"USGS",0
"522",25,"GEMStat",12.05
"523",25,"GEMStat",7.98333333333333
"524",25,"GEMStat",36.2
"525",25,"GEMStat",16.3333333333333
"526",25,"GEMStat",11.0833333333333
"527",25,"GEMStat",35
"528",25,"GEMStat",1.75181818181818
"529",25,"GEMStat",6.91666666666667
"530",25,"GEMStat",6.07777777777778
"531",25,"GEMStat",14.42
"532",25,"GEMStat",20.9236363636364
"533",25,"GEMStat",3.82307692307692
"534",25,"GEMStat",2.48545454545455
"535",25,"GEMStat",11.5
"536",25,"GEMStat",17.9875
"537",25,"GEMStat",16.5416666666667
"538",25,"GEMStat",24.6733333333333
"539",25,"GEMStat",10.325
"540",25,"GEMStat",30.5833333333333
"541",25,"GEMStat",2.6
"542",25,"GEMStat",32.4545454545455
"543",158,"Gu",1
"544",693,"Ouedraogo",0.3151
"545",576,"Gu",6.1
"546",1600,"USGS",15
"547",577,"Gu",11.4
"548",1573,"USGS",0
"549",562,"Gu",5.7
"550",1575,"USGS",0
"551",595,"Gu",2.7
"552",1592,"USGS",0
"553",184,"Gu",1.2
"554",1571,"USGS",0
"555",192,"Gu",10.2
"556",1533,"USGS",33
"557",602,"Gu",9.6
"558",1534,"USGS",8
"559",571,"Gu",5.4
"560",1535,"USGS",4
"561",317,"Gu",59.5
"562",1537,"USGS",12
"563",574,"Gu",6.2
"564",1540,"USGS",0
"565",26,"GEMStat",0.001
"566",26,"GEMStat",2.76
"567",26,"GEMStat",0.670583333333333
"568",26,"GEMStat",4.68
"569",26,"GEMStat",0.3115
"570",26,"GEMStat",0.833333333333333
"571",26,"GEMStat",0.07625
"572",26,"GEMStat",2.132
"573",26,"GEMStat",0.4015
"574",26,"GEMStat",1.444
"575",26,"GEMStat",0.6345
"576",26,"GEMStat",0.466
"577",26,"GEMStat",0.00966666666666667
"578",26,"GEMStat",0.12175
"579",26,"GEMStat",0.263333333333333
"580",26,"GEMStat",0.1199
"581",26,"GEMStat",3.249375
"582",26,"GEMStat",1.52183333333333
"583",26,"GEMStat",0.363285714285714
"584",26,"GEMStat",2.49333333333333
"585",156,"Gu",0.9
"586",694,"Ouedraogo",0.4278
"587",320,"Gu",69.8
"588",1541,"USGS",0
"589",311,"Gu",0.7
"590",1543,"USGS",0
"591",581,"Gu",8.4
"592",1544,"USGS",4
"593",321,"Gu",84.9
"594",1547,"USGS",14
"595",529,"Gu",32.2
"596",1549,"USGS",9
"597",590,"Gu",2.5
"598",1550,"USGS",0
"599",596,"Gu",6.2
"600",1551,"USGS",7
"601",575,"Gu",3.4
"602",1552,"USGS",7
"603",504,"Gu",0.3
"604",1553,"USGS",8
"605",608,"Gu",9.5
"606",1555,"USGS",3
"607",27,"GEMStat",2.21833333333333
"608",27,"GEMStat",3.36083333333333
"609",27,"GEMStat",3.10833333333333
"610",27,"GEMStat",0.334166666666667
"611",27,"GEMStat",0.319833333333333
"612",27,"GEMStat",0.256666666666667
"613",27,"GEMStat",1.22333333333333
"614",27,"GEMStat",0.306583333333333
"615",27,"GEMStat",3.18909090909091
"616",27,"GEMStat",4.25
"617",27,"GEMStat",2.433
"618",27,"GEMStat",3.55
"619",27,"GEMStat",1.3024
"620",27,"GEMStat",1.377
"621",27,"GEMStat",1.77333333333333
"622",27,"GEMStat",5.56
"623",27,"GEMStat",0.02875
"624",27,"GEMStat",0.056
"625",27,"GEMStat",3.64333333333333
"626",27,"GEMStat",5.82636363636364
"627",27,"GEMStat",1.97090909090909
"628",27,"GEMStat",3.4805
"629",159,"Gu",9.9
"630",1726,"USGS",1
"631",328,"Gu",82.7
"632",1556,"USGS",6
"633",190,"Gu",1.1
"634",1557,"USGS",11
"635",313,"Gu",0.3
"636",1558,"USGS",4
"637",584,"Gu",2.2
"638",1559,"USGS",10
"639",572,"Gu",4.4
"640",1560,"USGS",12
"641",502,"Gu",0.4
"642",1561,"USGS",1
"643",589,"Gu",2.1
"644",1536,"USGS",1
"645",225,"Gu",15.6
"646",1538,"USGS",7
"647",283,"Gu",19.8
"648",1539,"USGS",5
"649",535,"Gu",0.5
"650",1542,"USGS",21
"651",28,"GEMStat",0.0353333333333333
"652",28,"GEMStat",0.317166666666667
"653",28,"GEMStat",0.36
"654",28,"GEMStat",0.2475
"655",28,"GEMStat",0.5595
"656",28,"GEMStat",0.55425
"657",28,"GEMStat",0.705818181818182
"658",28,"GEMStat",0.746666666666667
"659",28,"GEMStat",0.625333333333333
"660",28,"GEMStat",0.666666666666667
"661",28,"GEMStat",0.595333333333333
"662",127,"Gu",0.5
"663",1728,"USGS",2
"664",332,"Gu",1.3
"665",1545,"USGS",15
"666",333,"Gu",2.2
"667",1546,"USGS",0
"668",334,"Gu",3.7
"669",1548,"USGS",8
"670",189,"Gu",0.3
"671",1554,"USGS",2
"672",345,"Gu",2.9
"673",601,"Gu",6.6
"674",344,"Gu",1.5
"675",457,"Gu",18.4
"676",337,"Gu",3
"677",341,"Gu",1.9
"678",29,"GEMStat",9.94633333333333
"679",29,"GEMStat",11.025
"680",29,"GEMStat",11.608
"681",29,"GEMStat",12.1
"682",126,"Gu",0.7
"683",1729,"USGS",3
"684",262,"Gu",15
"685",338,"Gu",2.7
"686",513,"Gu",0.4
"687",336,"Gu",3.4
"688",340,"Gu",3.3
"689",339,"Gu",3.1
"690",349,"Gu",7.5
"691",353,"Gu",18.9
"692",350,"Gu",5.55
"693",352,"Gu",4.9
"694",3,"GEMStat",0.846
"695",3,"GEMStat",2.107
"696",3,"GEMStat",1.3625
"697",455,"Gu",1.7
"698",1754,"USGS",13
"699",30,"GEMStat",4.115
"700",30,"GEMStat",7.26666666666667
"701",30,"GEMStat",5.72666666666667
"702",30,"GEMStat",10.307
"703",131,"Gu",10.6
"704",698,"Ouedraogo",5.9386
"705",1730,"USGS",6
"706",356,"Gu",5.1
"707",1509,"USGS",0
"708",348,"Gu",3.6
"709",1510,"USGS",0
"710",360,"Gu",45.3
"711",1511,"USGS",0
"712",578,"Gu",2.3
"713",1512,"USGS",0
"714",346,"Gu",0.6
"715",1513,"USGS",0
"716",357,"Gu",5.6
"717",1514,"USGS",0
"718",503,"Gu",0.4
"719",1515,"USGS",0
"720",322,"Gu",0.9
"721",1516,"USGS",0
"722",585,"Gu",3.2
"723",1517,"USGS",0
"724",305,"Gu",0.7
"725",1518,"USGS",0
"726",31,"GEMStat",3.87
"727",31,"GEMStat",4.73666666666667
"728",31,"GEMStat",2.75
"729",130,"Gu",4.6
"730",1731,"USGS",3
"731",594,"Gu",6.4
"732",1519,"USGS",0
"733",326,"Gu",0.6
"734",1520,"USGS",0
"735",370,"Gu",15.3
"736",1521,"USGS",0
"737",588,"Gu",3.1
"738",1522,"USGS",0
"739",260,"Gu",1.2
"740",1523,"USGS",0
"741",331,"Gu",3.1
"742",1524,"USGS",0
"743",554,"Gu",8.25
"744",1768,"USGS",0
"745",284,"Gu",13.1
"746",1525,"USGS",0
"747",285,"Gu",17.6
"748",1526,"USGS",0
"749",358,"Gu",4.3
"750",1527,"USGS",0
"751",32,"GEMStat",1.8
"752",32,"GEMStat",1.253
"753",32,"GEMStat",1.73475
"754",129,"Gu",1
"755",1732,"USGS",4
"756",236,"Gu",8.7
"757",1528,"USGS",1
"758",579,"Gu",5.6
"759",1529,"USGS",4
"760",256,"Gu",5.8
"761",1530,"USGS",0
"762",263,"Gu",0.5
"763",1531,"USGS",0
"764",265,"Gu",2.9
"765",1532,"USGS",0
"766",261,"Gu",15
"767",1477,"USGS",17
"768",387,"Gu",34.2
"769",1478,"USGS",62
"770",254,"Gu",3.8
"771",1479,"USGS",19
"772",264,"Gu",2.1
"773",1480,"USGS",10
"774",335,"Gu",0.8
"775",1481,"USGS",8
"776",33,"GEMStat",2.03666666666667
"777",33,"GEMStat",1.38733333333333
"778",33,"GEMStat",2.1
"779",122,"Gu",0.6
"780",1733,"USGS",0
"781",136,"Gu",1.55
"782",1482,"USGS",22
"783",475,"Gu",1
"784",1483,"USGS",4
"785",259,"Gu",2.9
"786",1484,"USGS",3
"787",580,"Gu",12.4
"788",1485,"USGS",18
"789",540,"Gu",0.4
"790",1486,"USGS",3
"791",135,"Gu",1.15
"792",1487,"USGS",15
"793",329,"Gu",0.2
"794",1488,"USGS",5
"795",151,"Gu",1.4
"796",1489,"USGS",15
"797",471,"Gu",0.2
"798",1490,"USGS",9
"799",257,"Gu",1
"800",1491,"USGS",37
"801",34,"GEMStat",3.275
"802",34,"GEMStat",10
"803",34,"GEMStat",23.34
"804",34,"GEMStat",15.02
"805",125,"Gu",35.6
"806",1734,"USGS",2
"807",133,"Gu",21.6
"808",1492,"USGS",13
"809",599,"Gu",4.3
"810",1493,"USGS",16
"811",134,"Gu",3.4
"812",134,"Gu",4.2
"813",1494,"USGS",7
"814",444,"Gu",0.4
"815",1495,"USGS",7
"816",371,"Gu",0.2
"817",1496,"USGS",2
"818",464,"Gu",0.4
"819",1497,"USGS",6
"820",267,"Gu",8.2
"821",1498,"USGS",1
"822",461,"Gu",0.1
"823",1499,"USGS",2
"824",453,"Gu",1.6
"825",1500,"USGS",7
"826",459,"Gu",1.9
"827",1501,"USGS",3
"828",35,"GEMStat",4.975
"829",35,"GEMStat",4.02
"830",35,"GEMStat",16.008
"831",35,"GEMStat",15.6495
"832",132,"Gu",10.2
"833",1736,"USGS",3
"834",566,"Gu",0
"835",1502,"USGS",7
"836",152,"Gu",2.3
"837",1503,"USGS",3
"838",458,"Gu",0.4
"839",1504,"USGS",3
"840",148,"Gu",1.8
"841",1505,"USGS",4
"842",467,"Gu",69.6
"843",1506,"USGS",0
"844",569,"Gu",40.6
"845",1507,"USGS",4
"846",160,"Gu",1.85
"847",1508,"USGS",1
"848",568,"Gu",16.9
"849",1443,"USGS",2
"850",466,"Gu",15.7
"851",1444,"USGS",5
"852",143,"Gu",1.4
"853",1445,"USGS",9
"854",36,"GEMStat",0
"855",36,"GEMStat",5.5
"856",36,"GEMStat",2.66666666666667
"857",123,"Gu",6.8
"858",704,"Ouedraogo",15.732
"859",1738,"USGS",2
"860",392,"Gu",6.4
"861",1447,"USGS",0
"862",246,"Gu",7.1
"863",1448,"USGS",0
"864",479,"Gu",3.2
"865",1449,"USGS",0
"866",235,"Gu",6.8
"867",1450,"USGS",0
"868",306,"Gu",4.2
"869",1451,"USGS",7
"870",431,"Gu",1.9
"871",1452,"USGS",0
"872",409,"Gu",0.7
"873",1453,"USGS",6
"874",380,"Gu",36.6
"875",380,"Gu",9.3
"876",1454,"USGS",5
"877",407,"Gu",8.6
"878",407,"Gu",6.3
"879",1455,"USGS",11
"880",427,"Gu",11.8
"881",1456,"USGS",13
"882",37,"GEMStat",2.66666666666667
"883",37,"GEMStat",5.5
"884",37,"GEMStat",0
"885",124,"Gu",32.2
"886",1740,"USGS",2
"887",433,"Gu",4.2
"888",1457,"USGS",3
"889",483,"Gu",3
"890",1459,"USGS",7
"891",436,"Gu",1.8
"892",1460,"USGS",0
"893",419,"Gu",10.5
"894",1461,"USGS",1
"895",428,"Gu",12.8
"896",1462,"USGS",1
"897",416,"Gu",2.8
"898",1463,"USGS",13
"899",266,"Gu",4.7
"900",1464,"USGS",6
"901",137,"Gu",0.6
"902",1465,"USGS",8
"903",139,"Gu",1.4
"904",1467,"USGS",0
"905",140,"Gu",0.7
"906",1468,"USGS",0
"907",38,"GEMStat",2.6125
"908",38,"GEMStat",5
"909",38,"GEMStat",1.305
"910",217,"Gu",0.9
"911",706,"Ouedraogo",3.3833
"912",1741,"USGS",5
"913",138,"Gu",1
"914",1470,"USGS",3
"915",154,"Gu",1
"916",1471,"USGS",0
"917",141,"Gu",1.3
"918",1473,"USGS",2
"919",563,"Gu",24.8
"920",1474,"USGS",0
"921",146,"Gu",0.6
"922",1475,"USGS",7
"923",155,"Gu",1
"924",1476,"USGS",1
"925",403,"Gu",1.8
"926",1446,"USGS",1
"927",144,"Gu",1.3
"928",1458,"USGS",10
"929",150,"Gu",1
"930",1466,"USGS",1
"931",153,"Gu",0.9
"932",1469,"USGS",0
"933",39,"GEMStat",1.65
"934",39,"GEMStat",11.2
"935",39,"GEMStat",1.4875
"936",216,"Gu",0.3
"937",1742,"USGS",2
"938",491,"Gu",1.3
"939",1472,"USGS",3
"940",560,"Gu",9.7
"941",1414,"USGS",0
"942",145,"Gu",1
"943",1415,"USGS",0
"944",147,"Gu",0.7
"945",1416,"USGS",0
"946",149,"Gu",0.8
"947",1417,"USGS",0
"948",226,"Gu",1.5
"949",1418,"USGS",0
"950",422,"Gu",1.5
"951",1419,"USGS",0
"952",426,"Gu",7.3
"953",1420,"USGS",0
"954",253,"Gu",1.4
"955",1422,"USGS",0
"956",293,"Gu",5.7
"957",1423,"USGS",0
"958",4,"GEMStat",1.214
"959",4,"GEMStat",1.0055
"960",4,"GEMStat",1.1
"961",4,"GEMStat",6.801
"962",440,"Gu",1.7
"963",672,"Ouedraogo",16.9257
"964",1755,"USGS",1
"965",40,"GEMStat",2.26
"966",40,"GEMStat",3.095
"967",197,"Gu",2.1
"968",708,"Ouedraogo",1.173
"969",1743,"USGS",4
"970",142,"Gu",1.2
"971",1424,"USGS",0
"972",303,"Gu",5.4
"973",1425,"USGS",0
"974",415,"Gu",7.5
"975",1426,"USGS",0
"976",597,"Gu",29.2
"977",1427,"USGS",0
"978",492,"Gu",2.2
"979",1428,"USGS",0
"980",430,"Gu",4.3
"981",1429,"USGS",0
"982",381,"Gu",2.6
"983",1430,"USGS",0
"984",168,"Gu",1.9
"985",1431,"USGS",0
"986",441,"Gu",4.7
"987",1432,"USGS",0
"988",408,"Gu",6.1
"989",1433,"USGS",0
"990",41,"GEMStat",10.03
"991",41,"GEMStat",9.48
"992",223,"Gu",1.8
"993",709,"Ouedraogo",0.345
"994",1744,"USGS",2
"995",412,"Gu",5.6
"996",412,"Gu",54
"997",1434,"USGS",0
"998",417,"Gu",5.6
"999",1435,"USGS",0
"1000",414,"Gu",48.2
"1001",1436,"USGS",0
"1002",420,"Gu",11.3
"1003",1438,"USGS",0
"1004",396,"Gu",1.7
"1005",1439,"USGS",0
"1006",423,"Gu",6.1
"1007",1440,"USGS",0
"1008",477,"Gu",2.2
"1009",1441,"USGS",0
"1010",413,"Gu",45.2
"1011",1442,"USGS",0
"1012",269,"Gu",61.2
"1013",1421,"USGS",0
"1014",271,"Gu",1.6
"1015",1437,"USGS",0
"1016",42,"GEMStat",63.35
"1017",207,"Gu",6.5
"1018",710,"Ouedraogo",8.1121
"1019",1745,"USGS",8
"1020",400,"Gu",1.5
"1021",1390,"USGS",0
"1022",404,"Gu",3
"1023",1391,"USGS",0
"1024",377,"Gu",20.3
"1025",1392,"USGS",1
"1026",448,"Gu",3.5
"1027",1393,"USGS",35
"1028",393,"Gu",40.4
"1029",1394,"USGS",0
"1030",397,"Gu",4.9
"1031",1395,"USGS",1
"1032",421,"Gu",22.6
"1033",1594,"USGS",2
"1034",399,"Gu",3.4
"1035",1396,"USGS",0
"1036",478,"Gu",2.4
"1037",1397,"USGS",0
"1038",437,"Gu",18.8
"1039",1398,"USGS",0
"1040",43,"GEMStat",0.655
"1041",43,"GEMStat",0.306666666666667
"1042",43,"GEMStat",0.666666666666667
"1043",43,"GEMStat",0.729166666666667
"1044",43,"GEMStat",0.341666666666667
"1045",43,"GEMStat",0.673333333333333
"1046",43,"GEMStat",1.76083333333333
"1047",43,"GEMStat",0.575833333333333
"1048",43,"GEMStat",0.74
"1049",43,"GEMStat",1.6
"1050",43,"GEMStat",0.378333333333333
"1051",43,"GEMStat",0.483333333333333
"1052",43,"GEMStat",1.695
"1053",43,"GEMStat",1.2125
"1054",43,"GEMStat",0.659166666666667
"1055",43,"GEMStat",0.4825
"1056",43,"GEMStat",0.536666666666667
"1057",43,"GEMStat",0.391666666666667
"1058",43,"GEMStat",0.713
"1059",43,"GEMStat",0.727272727272727
"1060",43,"GEMStat",0.505
"1061",43,"GEMStat",0.52
"1062",43,"GEMStat",0.670833333333333
"1063",43,"GEMStat",0.66
"1064",43,"GEMStat",1.89
"1065",43,"GEMStat",0.806666666666667
"1066",43,"GEMStat",0.419166666666667
"1067",43,"GEMStat",0.359272727272727
"1068",43,"GEMStat",1.1175
"1069",43,"GEMStat",0.4325
"1070",43,"GEMStat",0.679166666666667
"1071",43,"GEMStat",0.366666666666667
"1072",43,"GEMStat",1.48181818181818
"1073",43,"GEMStat",0.536666666666667
"1074",218,"Gu",0.7
"1075",1746,"USGS",1
"1076",175,"Gu",0.6
"1077",1399,"USGS",0
"1078",434,"Gu",19.6
"1079",1400,"USGS",1
"1080",561,"Gu",7.1
"1081",1401,"USGS",0
"1082",388,"Gu",27.1
"1083",1402,"USGS",0
"1084",493,"Gu",6.8
"1085",1403,"USGS",6
"1086",169,"Gu",3.3
"1087",1404,"USGS",0
"1088",410,"Gu",16.4
"1089",1405,"USGS",0
"1090",604,"Gu",14.6
"1091",1406,"USGS",0
"1092",432,"Gu",13.9
"1093",1407,"USGS",0
"1094",443,"Gu",5.7
"1095",1408,"USGS",1
"1096",44,"GEMStat",6.9
"1097",44,"GEMStat",9.675
"1098",44,"GEMStat",8.875
"1099",44,"GEMStat",7.6
"1100",44,"GEMStat",8.825
"1101",44,"GEMStat",9.475
"1102",44,"GEMStat",7.15
"1103",44,"GEMStat",6.5
"1104",44,"GEMStat",8.125
"1105",44,"GEMStat",7.1
"1106",44,"GEMStat",8.85
"1107",44,"GEMStat",9.5
"1108",44,"GEMStat",8.05
"1109",44,"GEMStat",9.78
"1110",44,"GEMStat",7.05
"1111",44,"GEMStat",7.8
"1112",44,"GEMStat",9.92
"1113",44,"GEMStat",7.7
"1114",44,"GEMStat",7.2
"1115",44,"GEMStat",10.625
"1116",44,"GEMStat",7.625
"1117",44,"GEMStat",8.16666666666667
"1118",44,"GEMStat",9.025
"1119",44,"GEMStat",10.3
"1120",44,"GEMStat",9.1
"1121",44,"GEMStat",7.175
"1122",44,"GEMStat",7.875
"1123",44,"GEMStat",7.575
"1124",44,"GEMStat",7.35
"1125",44,"GEMStat",8.575
"1126",44,"GEMStat",8.875
"1127",44,"GEMStat",7.56
"1128",44,"GEMStat",9.5
"1129",221,"Gu",1.3
"1130",712,"Ouedraogo",4.7357
"1131",1747,"USGS",2
"1132",167,"Gu",2.6
"1133",1409,"USGS",0
"1134",383,"Gu",40
"1135",1410,"USGS",0
"1136",174,"Gu",1.95
"1137",1411,"USGS",0
"1138",347,"Gu",5.2
"1139",1412,"USGS",0
"1140",424,"Gu",25.6
"1141",1362,"USGS",3
"1142",607,"Gu",4.2
"1143",1363,"USGS",4
"1144",173,"Gu",2.1
"1145",173,"Gu",2.6
"1146",1364,"USGS",0
"1147",171,"Gu",1.45
"1148",1365,"USGS",1
"1149",172,"Gu",1.1
"1150",1366,"USGS",1
"1151",583,"Gu",10.4
"1152",1368,"USGS",1
"1153",45,"GEMStat",0.064
"1154",45,"GEMStat",0.13
"1155",45,"GEMStat",0.08
"1156",45,"GEMStat",0.02
"1157",45,"GEMStat",0.029
"1158",45,"GEMStat",0
"1159",45,"GEMStat",0.17
"1160",45,"GEMStat",0
"1161",45,"GEMStat",0.015
"1162",45,"GEMStat",0.058
"1163",45,"GEMStat",0
"1164",199,"Gu",2.5
"1165",1748,"USGS",1
"1166",592,"Gu",11.3
"1167",1369,"USGS",0
"1168",632,"Gu",3.3
"1169",1370,"USGS",6
"1170",573,"Gu",26.7
"1171",1371,"USGS",7
"1172",229,"Gu",2.4
"1173",1372,"USGS",13
"1174",233,"Gu",3.5
"1175",1373,"USGS",5
"1176",270,"Gu",2.2
"1177",1375,"USGS",4
"1178",170,"Gu",3.75
"1179",1376,"USGS",0
"1180",234,"Gu",2.8
"1181",1377,"USGS",1
"1182",268,"Gu",4
"1183",1378,"USGS",3
"1184",232,"Gu",4.55
"1185",1379,"USGS",1
"1186",46,"GEMStat",0.02
"1187",46,"GEMStat",0.17
"1188",46,"GEMStat",0.02
"1189",46,"GEMStat",0
"1190",46,"GEMStat",0.098
"1191",46,"GEMStat",0.171
"1192",46,"GEMStat",0.08
"1193",46,"GEMStat",0.387
"1194",46,"GEMStat",0
"1195",46,"GEMStat",0.452
"1196",46,"GEMStat",0.463
"1197",222,"Gu",3.6
"1198",1749,"USGS",12
"1199",228,"Gu",2.6
"1200",1381,"USGS",1
"1201",312,"Gu",6.8
"1202",1382,"USGS",0
"1203",258,"Gu",0.1
"1204",1383,"USGS",8
"1205",382,"Gu",39
"1206",1384,"USGS",1
"1207",238,"Gu",1.2
"1208",1385,"USGS",5
"1209",255,"Gu",8.7
"1210",1386,"USGS",0
"1211",613,"Gu",3.9
"1212",1387,"USGS",3
"1213",308,"Gu",15.8
"1214",1388,"USGS",6
"1215",316,"Gu",17.7
"1216",316,"Gu",28.7
"1217",1389,"USGS",4
"1218",611,"Gu",4.7
"1219",47,"GEMStat",0.43
"1220",47,"GEMStat",0
"1221",47,"GEMStat",0
"1222",47,"GEMStat",0.038
"1223",47,"GEMStat",0.115
"1224",47,"GEMStat",0.125
"1225",47,"GEMStat",0.315
"1226",47,"GEMStat",0.072
"1227",47,"GEMStat",0.13
"1228",47,"GEMStat",0.25
"1229",47,"GEMStat",0.05
"1230",200,"Gu",10.2
"1231",1750,"USGS",2
"1232",215,"Gu",10.1
"1233",215,"Gu",10.7
"1234",1574,"USGS",1
"1235",213,"Gu",5.1
"1236",213,"Gu",0.1
"1237",600,"Gu",10.3
"1238",214,"Gu",10.6
"1239",1359,"USGS",2
"1240",325,"Gu",21.9
"1241",1216,"USGS",1
"1242",209,"Gu",19.6
"1243",211,"Gu",3
"1244",211,"Gu",2.9
"1245",1380,"USGS",0
"1246",210,"Gu",22
"1247",212,"Gu",19.7
"1248",212,"Gu",22
"1249",343,"Gu",60.8
"1250",1413,"USGS",1
"1251",48,"GEMStat",4.78
"1252",48,"GEMStat",5.4
"1253",48,"GEMStat",4.4
"1254",48,"GEMStat",4.93
"1255",48,"GEMStat",3.33
"1256",48,"GEMStat",4.603
"1257",48,"GEMStat",6.89
"1258",48,"GEMStat",6.55
"1259",48,"GEMStat",5
"1260",48,"GEMStat",7.312
"1261",48,"GEMStat",3.512
"1262",201,"Gu",12.8
"1263",716,"Ouedraogo",44.85
"1264",1751,"USGS",1
"1265",273,"Gu",0
"1266",273,"Gu",0.2
"1267",274,"Gu",0.1
"1268",342,"Gu",25.1
"1269",351,"Gu",56.1
"1270",355,"Gu",35.8
"1271",390,"Gu",0.1
"1272",1356,"USGS",1
"1273",354,"Gu",25.7
"1274",1367,"USGS",1
"1275",361,"Gu",84.5
"1276",1357,"USGS",0
"1277",363,"Gu",51.5
"1278",376,"Gu",45.7
"1279",1361,"USGS",1
"1280",49,"GEMStat",6.4325
"1281",49,"GEMStat",4.674
"1282",49,"GEMStat",62.975
"1283",49,"GEMStat",36.54
"1284",49,"GEMStat",49.25
"1285",49,"GEMStat",63.1666666666667
"1286",49,"GEMStat",0.04
"1287",49,"GEMStat",11.538
"1288",49,"GEMStat",12.3
"1289",49,"GEMStat",6.175
"1290",49,"GEMStat",67.5222222222222
"1291",49,"GEMStat",42.9
"1292",49,"GEMStat",69.325
"1293",49,"GEMStat",67.725
"1294",49,"GEMStat",34.5628571428571
"1295",49,"GEMStat",31.3
"1296",49,"GEMStat",33.11
"1297",49,"GEMStat",11.245
"1298",202,"Gu",7.2
"1299",717,"Ouedraogo",0.1679
"1300",1725,"USGS",1
"1301",247,"Gu",1.8
"1302",279,"Gu",0
"1303",1374,"USGS",3
"1304",359,"Gu",43.1
"1305",359,"Gu",13.4
"1306",366,"Gu",60.1
"1307",1360,"USGS",0
"1308",372,"Gu",50.7
"1309",278,"Gu",0
"1310",364,"Gu",104.6
"1311",367,"Gu",83
"1312",319,"Gu",42.7
"1313",1330,"USGS",0
"1314",373,"Gu",179.1
"1315",1331,"USGS",0
"1316",5,"GEMStat",0.01
"1317",5,"GEMStat",0.0275
"1318",5,"GEMStat",0.0533333333333333
"1319",5,"GEMStat",0.01
"1320",5,"GEMStat",0.0225
"1321",531,"Gu",0.3
"1322",673,"Ouedraogo",5.52
"1323",1756,"USGS",2
"1324",50,"GEMStat",0.57
"1325",50,"GEMStat",0.265
"1326",50,"GEMStat",0
"1327",50,"GEMStat",0.05
"1328",50,"GEMStat",0.146666666666667
"1329",50,"GEMStat",0.01
"1330",50,"GEMStat",0.105
"1331",50,"GEMStat",0.26
"1332",50,"GEMStat",0
"1333",50,"GEMStat",0
"1334",50,"GEMStat",0.275
"1335",50,"GEMStat",0.04
"1336",50,"GEMStat",0
"1337",50,"GEMStat",0.223333333333333
"1338",50,"GEMStat",0
"1339",50,"GEMStat",0
"1340",50,"GEMStat",0.025
"1341",50,"GEMStat",0
"1342",50,"GEMStat",0.325
"1343",50,"GEMStat",0.00333333333333333
"1344",50,"GEMStat",0.21
"1345",50,"GEMStat",0
"1346",205,"Gu",14.6
"1347",1727,"USGS",0
"1348",374,"Gu",22.3
"1349",1332,"USGS",9
"1350",378,"Gu",43.7
"1351",1333,"USGS",0
"1352",394,"Gu",70.5
"1353",1334,"USGS",0
"1354",244,"Gu",0.3
"1355",1335,"USGS",2
"1356",375,"Gu",39
"1357",1336,"USGS",1
"1358",614,"Gu",4.2
"1359",1337,"USGS",1
"1360",385,"Gu",77.1
"1361",1338,"USGS",1
"1362",327,"Gu",18.8
"1363",1339,"USGS",1
"1364",379,"Gu",61.4
"1365",379,"Gu",89.9
"1366",1340,"USGS",1
"1367",386,"Gu",80.2
"1368",1341,"USGS",0
"1369",51,"GEMStat",4.65454545454545
"1370",51,"GEMStat",4.9075
"1371",51,"GEMStat",6.68166666666667
"1372",51,"GEMStat",5.58416666666667
"1373",51,"GEMStat",5.34444444444444
"1374",51,"GEMStat",4.92727272727273
"1375",51,"GEMStat",19.025
"1376",51,"GEMStat",4.66666666666667
"1377",51,"GEMStat",5.61428571428571
"1378",203,"Gu",10.8
"1379",719,"Ouedraogo",6.2744
"1380",1735,"USGS",5
"1381",389,"Gu",81.3
"1382",1342,"USGS",0
"1383",245,"Gu",2.8
"1384",1343,"USGS",1
"1385",384,"Gu",73.9
"1386",1344,"USGS",1
"1387",275,"Gu",0
"1388",275,"Gu",0.5
"1389",1346,"USGS",2
"1390",395,"Gu",53.1
"1391",1347,"USGS",1
"1392",391,"Gu",98.3
"1393",1348,"USGS",6
"1394",405,"Gu",29.3
"1395",1349,"USGS",0
"1396",248,"Gu",1.9
"1397",1350,"USGS",4
"1398",249,"Gu",2.2
"1399",1351,"USGS",3
"1400",251,"Gu",0.6
"1401",1358,"USGS",3
"1402",52,"GEMStat",2.7425
"1403",52,"GEMStat",1.8525
"1404",52,"GEMStat",2.29
"1405",52,"GEMStat",2.70333333333333
"1406",52,"GEMStat",2.84666666666667
"1407",52,"GEMStat",1.89
"1408",52,"GEMStat",2.225
"1409",52,"GEMStat",1.635
"1410",52,"GEMStat",2
"1411",206,"Gu",15.8
"1412",720,"Ouedraogo",0.00069
"1413",1737,"USGS",4
"1414",252,"Gu",0.4
"1415",1352,"USGS",3
"1416",250,"Gu",3.3
"1417",1353,"USGS",2
"1418",243,"Gu",0.5
"1419",1354,"USGS",11
"1420",277,"Gu",0.4
"1421",1355,"USGS",1
"1422",239,"Gu",1
"1423",1304,"USGS",1
"1424",276,"Gu",0
"1425",1305,"USGS",2
"1426",241,"Gu",7.1
"1427",1306,"USGS",4
"1428",242,"Gu",7.8
"1429",1307,"USGS",2
"1430",240,"Gu",0.2
"1431",1309,"USGS",3
"1432",450,"Gu",1.5
"1433",1310,"USGS",15
"1434",53,"GEMStat",0.475
"1435",53,"GEMStat",2
"1436",204,"Gu",11.2
"1437",1739,"USGS",3
"1438",634,"Gu",1.1
"1439",1311,"USGS",18
"1440",227,"Gu",1.6
"1441",227,"Gu",7.5
"1442",1312,"USGS",3
"1443",617,"Gu",0.1
"1444",1313,"USGS",6
"1445",224,"Gu",11.5
"1446",1314,"USGS",3
"1447",620,"Gu",4.4
"1448",1315,"USGS",0
"1449",623,"Gu",5.1
"1450",1316,"USGS",6
"1451",559,"Gu",1.5
"1452",1317,"USGS",3
"1453",605,"Gu",0
"1454",1318,"USGS",3
"1455",622,"Gu",2.3
"1456",1319,"USGS",7
"1457",636,"Gu",4.3
"1458",1320,"USGS",19
"1459",54,"GEMStat",0.502
"1460",54,"GEMStat",0.205
"1461",54,"GEMStat",0.466666666666667
"1462",54,"GEMStat",0.3
"1463",54,"GEMStat",0.155
"1464",454,"Gu",1.8
"1465",722,"Ouedraogo",8.28
"1466",1702,"USGS",0
"1467",587,"Gu",4.1
"1468",1321,"USGS",5
"1469",618,"Gu",5.8
"1470",1322,"USGS",1
"1471",631,"Gu",5.1
"1472",1323,"USGS",7
"1473",625,"Gu",1.9
"1474",1324,"USGS",8
"1475",621,"Gu",1.5
"1476",1325,"USGS",5
"1477",628,"Gu",4.8
"1478",1326,"USGS",5
"1479",603,"Gu",0
"1480",1327,"USGS",9
"1481",641,"Gu",2.6
"1482",638,"Gu",8.4
"1483",626,"Gu",15.1
"1484",1328,"USGS",8
"1485",55,"GEMStat",0.31
"1486",55,"GEMStat",0.5
"1487",55,"GEMStat",0.366666666666667
"1488",55,"GEMStat",0.501
"1489",55,"GEMStat",0.15
"1490",220,"Gu",1.3
"1491",723,"Ouedraogo",1.61
"1492",1703,"USGS",0
"1493",663,"Gu",1.2
"1494",1329,"USGS",6
"1495",629,"Gu",2
"1496",1265,"USGS",0
"1497",635,"Gu",3.6
"1498",1267,"USGS",0
"1499",627,"Gu",11.4
"1500",1269,"USGS",0
"1501",665,"Gu",2.3
"1502",1271,"USGS",1
"1503",664,"Gu",32.2
"1504",1273,"USGS",2
"1505",661,"Gu",4.4
"1506",1275,"USGS",3
"1507",637,"Gu",5.5
"1508",1277,"USGS",5
"1509",666,"Gu",11.2
"1510",1279,"USGS",7
"1511",610,"Gu",3.7
"1512",1281,"USGS",0
"1513",56,"GEMStat",25.04
"1514",56,"GEMStat",0.6
"1515",56,"GEMStat",25.6866666666667
"1516",231,"Gu",9.4
"1517",1704,"USGS",0
"1518",640,"Gu",3.2
"1519",1283,"USGS",1
"1520",609,"Gu",2
"1521",1285,"USGS",0
"1522",639,"Gu",4
"1523",1287,"USGS",7
"1524",633,"Gu",3.7
"1525",1290,"USGS",2
"1526",667,"Gu",3.9
"1527",1292,"USGS",0
"1528",658,"Gu",1
"1529",1294,"USGS",7
"1530",616,"Gu",3.3
"1531",1296,"USGS",0
"1532",668,"Gu",52.4
"1533",1298,"USGS",6
"1534",645,"Gu",4.2
"1535",1300,"USGS",5
"1536",643,"Gu",0.7
"1537",1302,"USGS",15
"1538",57,"GEMStat",1
"1539",57,"GEMStat",1.07
"1540",230,"Gu",6.95
"1541",1705,"USGS",0
"1542",647,"Gu",14.7
"1543",647,"Gu",13.5
"1544",1266,"USGS",0
"1545",642,"Gu",16.1
"1546",1268,"USGS",0
"1547",646,"Gu",4.3
"1548",1270,"USGS",0
"1549",652,"Gu",11
"1550",1272,"USGS",1
"1551",644,"Gu",1.2
"1552",1274,"USGS",2
"1553",651,"Gu",2.1
"1554",1276,"USGS",3
"1555",653,"Gu",7.3
"1556",1278,"USGS",5
"1557",650,"Gu",7.9
"1558",1280,"USGS",7
"1559",654,"Gu",1.2
"1560",1282,"USGS",0
"1561",659,"Gu",25.2
"1562",1284,"USGS",1
"1563",58,"GEMStat",0.05
"1564",58,"GEMStat",0.05
"1565",58,"GEMStat",0.03
"1566",58,"GEMStat",0.05
"1567",369,"Gu",5.2
"1568",1706,"USGS",8
"1569",662,"Gu",9.1
"1570",1286,"USGS",0
"1571",657,"Gu",1.9
"1572",1288,"USGS",7
"1573",660,"Gu",1
"1574",1291,"USGS",2
"1575",1293,"USGS",0
"1576",1295,"USGS",7
"1577",1297,"USGS",0
"1578",1299,"USGS",6
"1579",1301,"USGS",5
"1580",1303,"USGS",15
"1581",1248,"USGS",0
"1582",59,"GEMStat",0.16
"1583",59,"GEMStat",0.14
"1584",59,"GEMStat",0.155
"1585",59,"GEMStat",0.1475
"1586",486,"Gu",0.6
"1587",1707,"USGS",0
"1588",1249,"USGS",3
"1589",1250,"USGS",0
"1590",1251,"USGS",2
"1591",1252,"USGS",3
"1592",1253,"USGS",1
"1593",1254,"USGS",0
"1594",1255,"USGS",4
"1595",1256,"USGS",2
"1596",1257,"USGS",0
"1597",1258,"USGS",1
"1598",6,"GEMStat",21.4326
"1599",6,"GEMStat",18.06475
"1600",6,"GEMStat",17.106
"1601",6,"GEMStat",18.4825
"1602",6,"GEMStat",10.11
"1603",6,"GEMStat",5.87
"1604",6,"GEMStat",12.525
"1605",6,"GEMStat",12.9412
"1606",6,"GEMStat",10.003
"1607",398,"Gu",1.3
"1608",674,"Ouedraogo",7.65992
"1609",1757,"USGS",0
"1610",60,"GEMStat",0.0075
"1611",60,"GEMStat",0
"1612",60,"GEMStat",0.02
"1613",60,"GEMStat",0
"1614",60,"GEMStat",0.64
"1615",60,"GEMStat",0.1
"1616",60,"GEMStat",0
"1617",60,"GEMStat",0.2
"1618",60,"GEMStat",0.35
"1619",60,"GEMStat",0.4
"1620",60,"GEMStat",0.15
"1621",60,"GEMStat",0.015
"1622",60,"GEMStat",0.185
"1623",60,"GEMStat",0.25
"1624",60,"GEMStat",1.2
"1625",60,"GEMStat",0.15
"1626",60,"GEMStat",0
"1627",60,"GEMStat",0.2
"1628",60,"GEMStat",0.175
"1629",60,"GEMStat",0
"1630",60,"GEMStat",1.075
"1631",237,"Gu",1.9
"1632",1708,"USGS",6
"1633",1259,"USGS",4
"1634",1260,"USGS",1
"1635",1261,"USGS",4
"1636",1262,"USGS",1
"1637",1263,"USGS",1
"1638",1264,"USGS",8
"1639",1219,"USGS",0
"1640",1220,"USGS",1
"1641",1221,"USGS",1
"1642",1223,"USGS",1
"1643",61,"GEMStat",0.19
"1644",521,"Gu",2.1
"1645",1709,"USGS",0
"1646",1224,"USGS",2
"1647",1225,"USGS",12
"1648",1226,"USGS",11
"1649",1227,"USGS",0
"1650",1228,"USGS",0
"1651",1229,"USGS",16
"1652",1230,"USGS",0
"1653",1231,"USGS",0
"1654",1233,"USGS",0
"1655",1234,"USGS",15
"1656",62,"GEMStat",6
"1657",62,"GEMStat",0.15
"1658",198,"Gu",0.8
"1659",1710,"USGS",3
"1660",1235,"USGS",2
"1661",1236,"USGS",1
"1662",1237,"USGS",0
"1663",1238,"USGS",0
"1664",1239,"USGS",0
"1665",1240,"USGS",10
"1666",1243,"USGS",3
"1667",1244,"USGS",4
"1668",1245,"USGS",6
"1669",1246,"USGS",3
"1670",63,"GEMStat",0.21
"1671",533,"Gu",7.8
"1672",731,"Ouedraogo",11.27
"1673",1711,"USGS",50
"1674",1247,"USGS",1
"1675",1222,"USGS",1
"1676",1232,"USGS",0
"1677",1241,"USGS",1
"1678",1242,"USGS",1
"1679",1192,"USGS",4
"1680",1195,"USGS",13
"1681",1197,"USGS",22
"1682",1198,"USGS",21
"1683",1199,"USGS",1
"1684",64,"GEMStat",6.964
"1685",64,"GEMStat",5.99
"1686",494,"Gu",0.1
"1687",1712,"USGS",2
"1688",1200,"USGS",2
"1689",1201,"USGS",0
"1690",1202,"USGS",2
"1691",1203,"USGS",14
"1692",1204,"USGS",10
"1693",1205,"USGS",3
"1694",1206,"USGS",13
"1695",1207,"USGS",6
"1696",1209,"USGS",41
"1697",1210,"USGS",27
"1698",65,"GEMStat",0.22
"1699",65,"GEMStat",5.9
"1700",482,"Gu",5.3
"1701",733,"Ouedraogo",0.7015
"1702",1713,"USGS",3
"1703",1211,"USGS",15
"1704",1212,"USGS",6
"1705",1214,"USGS",8
"1706",1191,"USGS",8
"1707",1193,"USGS",24
"1708",1194,"USGS",13
"1709",1213,"USGS",18
"1710",1215,"USGS",12
"1711",1166,"USGS",5
"1712",1167,"USGS",11
"1713",66,"GEMStat",6.255
"1714",66,"GEMStat",8.29
"1715",485,"Gu",0.1
"1716",734,"Ouedraogo",69.6463
"1717",1714,"USGS",0
"1718",1168,"USGS",1
"1719",1169,"USGS",4
"1720",1170,"USGS",10
"1721",1171,"USGS",1
"1722",1172,"USGS",7
"1723",1173,"USGS",2
"1724",1174,"USGS",12
"1725",1175,"USGS",1
"1726",1176,"USGS",13
"1727",1177,"USGS",14
"1728",67,"GEMStat",0.085
"1729",67,"GEMStat",2.595
"1730",549,"Gu",0
"1731",1715,"USGS",0
"1732",1178,"USGS",10
"1733",1179,"USGS",14
"1734",1180,"USGS",19
"1735",1181,"USGS",1
"1736",1182,"USGS",5
"1737",1183,"USGS",9
"1738",1184,"USGS",3
"1739",1185,"USGS",13
"1740",1186,"USGS",5
"1741",68,"GEMStat",22.41
"1742",68,"GEMStat",0
"1743",68,"GEMStat",15.34
"1744",68,"GEMStat",0.05
"1745",68,"GEMStat",0.1
"1746",656,"Gu",4.2
"1747",1716,"USGS",0
"1748",1187,"USGS",5
"1749",1188,"USGS",0
"1750",1189,"USGS",1
"1751",1308,"USGS",4
"1752",1190,"USGS",1
"1753",1140,"USGS",3
"1754",1141,"USGS",4
"1755",1142,"USGS",31
"1756",1143,"USGS",13
"1757",1144,"USGS",4
"1758",69,"GEMStat",0.9
"1759",69,"GEMStat",0
"1760",545,"Gu",5.9
"1761",737,"Ouedraogo",0.2185
"1762",1717,"USGS",4
"1763",1145,"USGS",25
"1764",1146,"USGS",37
"1765",1147,"USGS",4
"1766",1148,"USGS",18
"1767",1149,"USGS",4
"1768",1150,"USGS",2
"1769",1151,"USGS",13
"1770",1152,"USGS",4
"1771",1154,"USGS",5
"1772",1155,"USGS",8
"1773",7,"GEMStat",0
"1774",558,"Gu",2.9
"1775",70,"GEMStat",0
"1776",70,"GEMStat",0.9
"1777",507,"Gu",1.7
"1778",738,"Ouedraogo",4.2895
"1779",1718,"USGS",0
"1780",1156,"USGS",11
"1781",1157,"USGS",3
"1782",1158,"USGS",13
"1783",1159,"USGS",9
"1784",1160,"USGS",64
"1785",1161,"USGS",18
"1786",1162,"USGS",22
"1787",1163,"USGS",25
"1788",1164,"USGS",14
"1789",71,"GEMStat",0.027
"1790",546,"Gu",3.4
"1791",739,"Ouedraogo",0.4876
"1792",1719,"USGS",0
"1793",1165,"USGS",5
"1794",1116,"USGS",0
"1795",1117,"USGS",4
"1796",1118,"USGS",5
"1797",1119,"USGS",17
"1798",1120,"USGS",0
"1799",1121,"USGS",7
"1800",1122,"USGS",10
"1801",1123,"USGS",8
"1802",1124,"USGS",8
"1803",72,"GEMStat",1.05
"1804",548,"Gu",1.9
"1805",740,"Ouedraogo",2.3184
"1806",1720,"USGS",0
"1807",1196,"USGS",13
"1808",1125,"USGS",0
"1809",1126,"USGS",0
"1810",1127,"USGS",36
"1811",1128,"USGS",21
"1812",1129,"USGS",8
"1813",1130,"USGS",8
"1814",1131,"USGS",5
"1815",1132,"USGS",7
"1816",1133,"USGS",3
"1817",73,"GEMStat",0.337
"1818",547,"Gu",0.5
"1819",741,"Ouedraogo",2.3184
"1820",1721,"USGS",0
"1821",1134,"USGS",4
"1822",1135,"USGS",4
"1823",1136,"USGS",5
"1824",1153,"USGS",0
"1825",1137,"USGS",8
"1826",1218,"USGS",18
"1827",1138,"USGS",3
"1828",1139,"USGS",4
"1829",1603,"USGS",0
"1830",1208,"USGS",6
"1831",74,"GEMStat",0.01
"1832",74,"GEMStat",0.055
"1833",74,"GEMStat",0.04
"1834",74,"GEMStat",0.02
"1835",74,"GEMStat",0.005
"1836",74,"GEMStat",0.02
"1837",488,"Gu",0.9
"1838",1722,"USGS",1
"1839",1089,"USGS",1
"1840",1090,"USGS",4
"1841",1091,"USGS",3
"1842",1092,"USGS",1
"1843",1093,"USGS",8
"1844",1094,"USGS",2
"1845",1095,"USGS",1
"1846",1096,"USGS",1
"1847",1097,"USGS",0
"1848",1098,"USGS",0
"1849",75,"GEMStat",0.1975
"1850",75,"GEMStat",0.185
"1851",75,"GEMStat",0.1475
"1852",75,"GEMStat",0.24
"1853",75,"GEMStat",0.0675
"1854",75,"GEMStat",0.09
"1855",532,"Gu",1.2
"1856",1723,"USGS",0
"1857",1099,"USGS",1
"1858",1100,"USGS",0
"1859",1101,"USGS",3
"1860",1102,"USGS",2
"1861",1103,"USGS",0
"1862",1104,"USGS",1
"1863",1105,"USGS",0
"1864",1106,"USGS",1
"1865",1107,"USGS",0
"1866",1108,"USGS",0
"1867",76,"GEMStat",0.21
"1868",76,"GEMStat",0.156666666666667
"1869",76,"GEMStat",0.16
"1870",76,"GEMStat",0.195
"1871",76,"GEMStat",0.171666666666667
"1872",76,"GEMStat",0.265
"1873",76,"GEMStat",0.216666666666667
"1874",506,"Gu",2.1
"1875",1724,"USGS",0
"1876",1109,"USGS",0
"1877",1110,"USGS",1
"1878",1111,"USGS",0
"1879",1112,"USGS",0
"1880",1113,"USGS",1
"1881",1114,"USGS",2
"1882",1115,"USGS",2
"1883",1060,"USGS",1
"1884",1061,"USGS",25
"1885",1062,"USGS",48
"1886",77,"GEMStat",0.040875
"1887",77,"GEMStat",0.00175
"1888",77,"GEMStat",0.004
"1889",77,"GEMStat",0.452
"1890",208,"Gu",5
"1891",1682,"USGS",0
"1892",1063,"USGS",17
"1893",1064,"USGS",11
"1894",1065,"USGS",19
"1895",1066,"USGS",28
"1896",1067,"USGS",11
"1897",1068,"USGS",4
"1898",1069,"USGS",13
"1899",1070,"USGS",3
"1900",1071,"USGS",22
"1901",1072,"USGS",5
"1902",78,"GEMStat",0
"1903",78,"GEMStat",0.033
"1904",501,"Gu",0.5
"1905",746,"Ouedraogo",0.6417
"1906",1683,"USGS",0
"1907",1073,"USGS",29
"1908",1074,"USGS",17
"1909",1075,"USGS",14
"1910",1076,"USGS",7
"1911",1077,"USGS",2
"1912",1078,"USGS",14
"1913",1079,"USGS",1
"1914",1080,"USGS",2
"1915",1081,"USGS",8
"1916",1082,"USGS",5
"1917",79,"GEMStat",0.0216666666666667
"1918",304,"Gu",1.6
"1919",747,"Ouedraogo",0.31556
"1920",1684,"USGS",0
"1921",1083,"USGS",31
"1922",1084,"USGS",28
"1923",1085,"USGS",19
"1924",1086,"USGS",1
"1925",1087,"USGS",0
"1926",1088,"USGS",10
"1927",1038,"USGS",0
"1928",1039,"USGS",0
"1929",1040,"USGS",0
"1930",1041,"USGS",2
"1931",8,"GEMStat",2.49666666666667
"1932",8,"GEMStat",2.01714285714286
"1933",8,"GEMStat",2.15555555555556
"1934",615,"Gu",0.4
"1935",1758,"USGS",2
"1936",80,"GEMStat",0
"1937",510,"Gu",6
"1938",1685,"USGS",0
"1939",1042,"USGS",0
"1940",1043,"USGS",1
"1941",1045,"USGS",1
"1942",1046,"USGS",2
"1943",1047,"USGS",0
"1944",1048,"USGS",0
"1945",1049,"USGS",1
"1946",1050,"USGS",0
"1947",1051,"USGS",0
"1948",1052,"USGS",2
"1949",81,"GEMStat",3
"1950",81,"GEMStat",0
"1951",543,"Gu",0.9
"1952",749,"Ouedraogo",11.3666
"1953",1686,"USGS",0
"1954",1053,"USGS",0
"1955",1054,"USGS",3
"1956",1055,"USGS",0
"1957",1056,"USGS",0
"1958",1057,"USGS",10
"1959",1058,"USGS",0
"1960",1059,"USGS",0
"1961",1015,"USGS",0
"1962",1016,"USGS",0
"1963",1017,"USGS",0
"1964",82,"GEMStat",10.2314545454545
"1965",82,"GEMStat",10.6925
"1966",82,"GEMStat",11.13
"1967",82,"GEMStat",12.198
"1968",82,"GEMStat",10.0125
"1969",541,"Gu",1.4
"1970",1687,"USGS",0
"1971",1018,"USGS",1
"1972",1019,"USGS",0
"1973",1044,"USGS",0
"1974",1020,"USGS",0
"1975",1021,"USGS",0
"1976",1022,"USGS",0
"1977",1023,"USGS",0
"1978",1024,"USGS",0
"1979",1025,"USGS",0
"1980",1026,"USGS",1
"1981",83,"GEMStat",1.37
"1982",83,"GEMStat",3.575
"1983",83,"GEMStat",1.8
"1984",83,"GEMStat",2.6
"1985",83,"GEMStat",1.84
"1986",83,"GEMStat",1.59
"1987",83,"GEMStat",2.1295
"1988",463,"Gu",0.7
"1989",1688,"USGS",0
"1990",1027,"USGS",0
"1991",1028,"USGS",0
"1992",1029,"USGS",0
"1993",1030,"USGS",0
"1994",1031,"USGS",0
"1995",1032,"USGS",0
"1996",1033,"USGS",0
"1997",1034,"USGS",1
"1998",1035,"USGS",0
"1999",84,"GEMStat",0.6
"2000",84,"GEMStat",1.06666666666667
"2001",84,"GEMStat",1
"2002",84,"GEMStat",0
"2003",84,"GEMStat",0.93
"2004",84,"GEMStat",0.856666666666667
"2005",324,"Gu",2.5
"2006",1036,"USGS",0
"2007",1037,"USGS",0
"2008",985,"USGS",0
"2009",986,"USGS",3
"2010",987,"USGS",6
"2011",988,"USGS",0
"2012",990,"USGS",0
"2013",991,"USGS",5
"2014",85,"GEMStat",0.181
"2015",85,"GEMStat",0.135
"2016",85,"GEMStat",0.9776
"2017",85,"GEMStat",0.977
"2018",550,"Gu",2.2
"2019",753,"Ouedraogo",1.83908
"2020",992,"USGS",3
"2021",994,"USGS",6
"2022",995,"USGS",12
"2023",996,"USGS",3
"2024",997,"USGS",2
"2025",998,"USGS",0
"2026",999,"USGS",6
"2027",1000,"USGS",0
"2028",1001,"USGS",4
"2029",1002,"USGS",0
"2030",180,"Gu",4.5
"2031",1689,"USGS",0
"2032",1003,"USGS",0
"2033",1004,"USGS",0
"2034",1005,"USGS",0
"2035",1006,"USGS",2
"2036",1008,"USGS",0
"2037",1009,"USGS",3
"2038",1010,"USGS",1
"2039",1012,"USGS",10
"2040",1013,"USGS",3
"2041",1014,"USGS",5
"2042",181,"Gu",21.65
"2043",1690,"USGS",0
"2044",989,"USGS",3
"2045",993,"USGS",32
"2046",1007,"USGS",0
"2047",1011,"USGS",3
"2048",955,"USGS",9
"2049",956,"USGS",8
"2050",957,"USGS",12
"2051",958,"USGS",8
"2052",959,"USGS",3
"2053",960,"USGS",6
"2054",177,"Gu",37.55
"2055",1691,"USGS",0
"2056",961,"USGS",1
"2057",962,"USGS",8
"2058",963,"USGS",5
"2059",965,"USGS",7
"2060",966,"USGS",5
"2061",967,"USGS",4
"2062",968,"USGS",8
"2063",969,"USGS",5
"2064",970,"USGS",7
"2065",972,"USGS",1
"2066",179,"Gu",2.7
"2067",757,"Ouedraogo",3.427
"2068",1692,"USGS",0
"2069",973,"USGS",1
"2070",974,"USGS",4
"2071",975,"USGS",4
"2072",976,"USGS",2
"2073",977,"USGS",1
"2074",978,"USGS",2
"2075",980,"USGS",3
"2076",981,"USGS",1
"2077",983,"USGS",3
"2078",984,"USGS",2
"2079",9,"GEMStat",4.2
"2080",9,"GEMStat",2.9
"2081",9,"GEMStat",7.8
"2082",593,"Gu",1
"2083",176,"Gu",26.75
"2084",758,"Ouedraogo",0.345
"2085",964,"USGS",4
"2086",971,"USGS",6
"2087",979,"USGS",2
"2088",982,"USGS",3
"2089",933,"USGS",0
"2090",934,"USGS",2
"2091",1217,"USGS",0
"2092",935,"USGS",0
"2093",936,"USGS",0
"2094",937,"USGS",0
"2095",178,"Gu",8.2
"2096",759,"Ouedraogo",0.0529
"2097",1693,"USGS",0
"2098",938,"USGS",6
"2099",939,"USGS",8
"2100",940,"USGS",1
"2101",941,"USGS",0
"2102",942,"USGS",4
"2103",943,"USGS",0
"2104",944,"USGS",0
"2105",945,"USGS",0
"2106",946,"USGS",7
"2107",947,"USGS",0
"2108",219,"Gu",18
"2109",760,"Ouedraogo",0.0391
"2110",1694,"USGS",0
"2111",948,"USGS",0
"2112",949,"USGS",10
"2113",950,"USGS",0
"2114",951,"USGS",0
"2115",952,"USGS",2
"2116",953,"USGS",0
"2117",954,"USGS",0
"2118",907,"USGS",2
"2119",908,"USGS",29
"2120",909,"USGS",5
"2121",468,"Gu",1
"2122",761,"Ouedraogo",3.1993
"2123",1695,"USGS",0
"2124",910,"USGS",7
"2125",911,"USGS",17
"2126",912,"USGS",20
"2127",913,"USGS",4
"2128",914,"USGS",13
"2129",915,"USGS",3
"2130",916,"USGS",39
"2131",917,"USGS",0
"2132",918,"USGS",5
"2133",919,"USGS",8
"2134",182,"Gu",4.4
"2135",762,"Ouedraogo",13.8874
"2136",1696,"USGS",0
"2137",920,"USGS",22
"2138",921,"USGS",13
"2139",922,"USGS",7
"2140",923,"USGS",10
"2141",924,"USGS",4
"2142",925,"USGS",5
"2143",926,"USGS",27
"2144",927,"USGS",1
"2145",928,"USGS",0
"2146",929,"USGS",13
"2147",183,"Gu",4.5
"2148",763,"Ouedraogo",12.3211
"2149",1697,"USGS",0
"2150",930,"USGS",0
"2151",931,"USGS",0
"2152",932,"USGS",11
"2153",887,"USGS",19
"2154",888,"USGS",2
"2155",889,"USGS",0
"2156",890,"USGS",0
"2157",891,"USGS",4
"2158",892,"USGS",12
"2159",195,"Gu",2.5
"2160",764,"Ouedraogo",0.0828
"2161",1698,"USGS",0
"2162",893,"USGS",6
"2163",894,"USGS",1
"2164",895,"USGS",5
"2165",896,"USGS",0
"2166",897,"USGS",0
"2167",898,"USGS",0
"2168",606,"Gu",8.2
"2169",765,"Ouedraogo",4.2895
"2170",1699,"USGS",0
"2171",899,"USGS",0
"2172",900,"USGS",0
"2173",901,"USGS",0
"2174",902,"USGS",0
"2175",903,"USGS",0
"2176",904,"USGS",0
"2177",905,"USGS",0
"2178",906,"USGS",0
"2179",886,"USGS",3
"2180",490,"Gu",3.3
"2181",1700,"USGS",0
"2182",864,"USGS",0
"2183",865,"USGS",0
"2184",866,"USGS",0
"2185",867,"USGS",0
"2186",868,"USGS",2
"2187",869,"USGS",1
"2188",870,"USGS",2
"2189",871,"USGS",0
"2190",872,"USGS",0
"2191",196,"Gu",2.9
"2192",767,"Ouedraogo",11.615
"2193",1701,"USGS",0
"2194",873,"USGS",6
"2195",874,"USGS",0
"2196",875,"USGS",0
"2197",876,"USGS",0
"2198",877,"USGS",1
"2199",878,"USGS",3
"2200",879,"USGS",0
"2201",880,"USGS",0
"2202",881,"USGS",2
"2203",882,"USGS",0
